{"cameraMode":{"drawMode":0,"name":"Shaded","section":"Shading Mode"},"sceneLighting":true,"audioPlay":false,"sceneViewState":{"showFog":false,"showMaterialUpdate":false,"showSkybox":false,"showFlares":false,"showImageEffects":false,"showParticleSystems":false},"in2DMode":false,"pivot":{"x":800.4820556640625,"y":334.20953369140627,"z":78.69174194335938},"rotation":{"x":-0.11734852939844132,"y":0.8557491302490234,"z":-0.22198452055454255,"w":-0.4523778259754181},"size":882.5487670898438,"orthographic":false}