{"cameraMode":{"drawMode":0,"name":"Shaded","section":"Shading Mode"},"sceneLighting":false,"audioPlay":false,"sceneViewState":{"showFog":true,"showMaterialUpdate":false,"showSkybox":false,"showFlares":true,"showImageEffects":true,"showParticleSystems":true},"in2DMode":false,"pivot":{"x":-2.9802322387695315e-8,"y":0.49277740716934206,"z":-0.04490858316421509},"rotation":{"x":0.10875847190618515,"y":-0.2567133903503418,"z":0.029085231944918634,"w":0.9599083065986633},"size":1.1803820133209229,"orthographic":false}